{
    "$schema": "https://schema.management.azure.com/schemas/2019-04-01/deploymentTemplate.json#",
    "contentVersion": "1.0.0.0",
    "parameters": {
        "namePrefix": {
            "type": "string",
            "minLength": 3,
            "maxLength": 10,
            "metadata": {
                "description": "Prefix for resource names"
            }
        },
        "location": {
            "type": "string",
            "defaultValue": "[resourceGroup().location]",
            "metadata": {
                "description": "Azure location for resources"
            }
        },
        "registerDeployment": {
            "type": "bool",
            "defaultValue": true,
            "metadata": {
                "description": "Excludes the deployment registration to the partner portal if set to false (debug only)"
            }
        },
        "vmName": {
            "type": "string",
            "defaultValue": "[concat(parameters('namePrefix'),'-vm')]",
            "metadata": {
                "description": "Name for the Azure virtual machine"
            }
        },
        "vnetName": {
            "type": "string",
            "defaultValue": "vnet",
            "metadata": {
                "description": "Virtual network name"
            }
        },
        "virtualNetworkNewOrExisting":{
            "type": "string",
            "defaultValue": "new",
            "allowedValues": [
                "new",
                "existing"
            ],
            "metadata": {
                "description": "Flag to indicate whether a new virtual network should be created (true), or use an existing one (false)."
            }
        },
        "virtualNetworkResourceGroupName": {
            "type": "string",
            "defaultValue": "[resourceGroup().name]",
            "metadata": {
                "description": "Name of the resource group for the existing virtual network"
            }
        },
        "vnetCIDR": {
            "type": "string",
            "defaultValue": "10.0.0.0/20",
            "metadata": {
                "description": "CIDR for the virtual network if being created."
            }
        },
        "subnetName": {
            "type": "string",
            "defaultValue": "vm-subnet",
            "metadata": {
                "description": "Subnet name to attach to VM"
            }
        },
        "subnetCIDR": {
            "type": "string",
            "defaultValue": "10.0.0.0/24",
            "metadata": {
                "description": "CIDR for the developer subnet"
            }
        },
        "adminUserName": {
            "type": "string",
            "defaultValue": "azureuser",
            "metadata": {
                "description": "Admin user for created VMs"
            }
        },
        "adminPassword": {
            "type": "secureString",
            "metadata": {
                "description": "SSH Key or password for the Virtual Machine."
            }
        },
        "authType": {
            "type": "string",
            "defaultValue": "sshPublicKey",
            "allowedValues": [
                "sshPublicKey",
                "password"
            ],
            "metadata": {
                "description": "Type of VM authentication. SSH Key or Password"
            }
        },
        "securityType": {
            "type": "string",
            "defaultValue": "Standard",
            "allowedValues": [
                "Standard",
                "TrustedLaunch"
            ],
            "metadata": {
                "description": "Security type for virtual machine (trusted launch not supported with RHEL)"
            }
        },
        "vmNsgSecurityRules": {
            "type": "array",
            "defaultValue": []
        },
        "vmSize": {
            "type": "string",
            "defaultValue": "Standard_B2s",
            "metadata": {
                "description": "Size of Virtual Machine"
            }
        },
        "vmDiskType": {
            "type": "string",
            "defaultValue": "Premium_LRS",
            "allowedValues": [
                "Premium_LRS",
                "Premium_ZRS",
                "Standard_LRS",
                "StandardSSD_LRS",
                "StandardSSD_ZRS",
                "UltraSSD_LRS"
            ],
            "metadata": {
                "description": "OS Disk type for Dev VM"
            }
        },
        "vmZone": {
            "type": "string",
            "defaultValue": "1",
            "allowedValues": [
                "1", "2", "3"
            ],
            "metadata": {
                "description": "Availability zone for the VM"
            }
        },
        "vmOSVersion": {
            "type": "string",
            "defaultValue": "RHEL 9.4",
            "allowedValues": [
                "RHEL 9.2",
                "RHEL 9.4",
                "WindowsServer 2019",
                "WindowsServer 2022",
                "WindowsServer 2022 (Hot Patch)",
                "WindowsServer 2025"
            ],
            "metadata": {
                "description": "Operating system version"
            }
        },
        "createPublicIP": {
            "type": "bool",
            "defaultValue": false,
            "metadata": {
                "description": "Flag to indicate whether a public ip address should be used."
            }
        },
        "publicIpNewOrExisting": {
            "type": "string",
            "defaultValue": "new",
            "allowedValues": [
                "new",
                "existing"
            ],
            "metadata": {
                "description": "Flag to determine whether the public IP is existing or not"
            }
        },
        "publicIpResourceGroup": {
            "type": "string",
            "defaultValue": "[resourceGroup().name]",
            "metadata": {
                "description": "Resource group for public IP address if using an existing one"
            }
        },
        "publicIPName": {
            "type": "string",
            "defaultValue": "[concat(parameters('namePrefix'),'-pip')]",
            "metadata": {
                "description": "Name for the public IP address if creating."
            }
        },
        "domainName": {
            "type": "string",
            "defaultValue": "[toLower( concat(parameters('namePrefix'),uniqueString(resourceGroup().name)) )]",
            "metadata": {
                "description": "Domain name prefix for the public IP address"
            }
        },
        "deployWM": {
            "type": "bool",
            "defaultValue": true,
            "metadata": {
                "description": "Flag to determine whether to run the VM extension that installs webMethod (Debug Only)"
            }
        },
        "emailAddress": {
            "type": "string",
            "metadata": {
                "description": "Email address of webMethods owner/user"
            }
        },
        "entitlementKey": {
            "type": "securestring",
            "metadata": {
                "description": "IBM Entitlement Key for access to download container images"
            }
        },
        "licenseAccepted": {
            "type": "bool",
            "defaultValue": false,
            "metadata": {
                "description": "Flag on whether the license terms have been accepted. Will not install webMethods without this being true."
            }
        },
        "installProducts": {
            "type": "string",
            "defaultValue": "e2ei/11/SJP_17.0.12.0.125/Infrastructure/sjp,e2ei/11/TPL_11.1.0.0.39/License/license",
            "metadata": {
                "description": "List of webMethods products to be installed"
            }
        },
        "selectedFixes": {
            "type": "string",
            "defaultValue": "wMFix.SJP.Java64.LNXAMD64_11.1.0.0362-0184",
            "metadata": {
                "description": "List of webMethods fixes to be applied at install time"
            }
        },
        "wmServerUrl": {
            "type": "string",
            "defaultValue": "https\\://sdc.webmethods.io/cgi-bin/dataservewebM111.cgi",
            "metadata": {
                "description": "webMethods product download URL"
            }
        },
        "workDirectory": {
            "type": "string",
            "defaultValue": "./",
            "metadata": {
                "description": "The working directory for the installer. Typically the custom script location."
            }
        },
        "installDirectory": {
            "type": "string",
            "defaultValue": "/opt/webmethods",
            "metadata": {
                "description": "Directory into which to install webMethods products."
            }
        },
        "installerURL": {
            "type": "string",
            "metadata": {
                "description": "URL to download the webMethods installer"
            }
        },
        "installerName": {
            "type": "string",
            "defaultValue": "IBM_webMethods_Install_Linux_x64.bin",
            "metadata": {
                "description": "Filename of the webMethods installer"
            }
        },
        "enableXRDP": {
            "type": "bool",
            "defaultValue": true,
            "metadata": {
                "description": "Flag to determine whether to install XRDP on Linux virtual machines"
            }
        },
        "rdpPassword": {
            "type": "securestring",
            "defaultValue": "",
            "metadata": {
                "description": "Password for XRDP if being installed."
            }
        },
        "branch": {
            "type": "string",
            "defaultValue": "main",
            "metadata": {
                "description": "Github branch for installation script"
            }
        },
        "deploymentVersion": {
            "type": "string",
            "defaultValue": "2025-01",
            "metadata": {
                "description": "Deployment version to use"
            }
        },
        "tagsByResource": {
            "type": "object",
            "defaultValue": {},
            "metadata": {
                "description": "Tags for resources"
            }
        }
    },
    "variables": {
        "baseUrl": "[uri('https://raw.githubusercontent.com/IBM/azure-marketplace-arm-templates/',parameters('branch'))]",
        "nsgName": "[concat(parameters('namePrefix'), '-nsg')]",
        "nicName": "[concat(parameters('namePrefix'),'-nic')]",
        "linuxConfigSSH": {
            "disablePasswordAuthentication": true,
            "ssh": {
                "publicKeys": [
                    {
                        "path": "[format('/home/{0}/.ssh/authorized_keys', parameters('adminUsername'))]",
                        "keyData": "[parameters('adminPassword')]"
                    }
                ]
            }
        },
        "linuxConfigPWD": {
            "disablePasswordAuthentication": false
        },
        "windowsConfiguration": {
            "provisionVmAgent": "true"
        },
        "imageReference": {
            "RHEL 9.2": {
                "publisher": "RedHat",
                "offer": "RHEL",
                "sku": "9_2",
                "version": "latest"
            },
            "RHEL 9.4": {
                "publisher": "RedHat",
                "offer": "RHEL",
                "sku": "9_4",
                "version": "latest"
            },
            "WindowsServer 2019": {
                "publisher": "MicrosoftWindowsServer",
                "offer": "WindowsServer",
                "sku": "2019-datacenter-core-g2",
                "version": "latest"
            },
            "WindowsServer 2022": {
                "publisher": "MicrosoftWindowsServer",
                "offer": "WindowsServer",
                "sku": "2022-datacenter-azure-edition",
                "version": "latest"
            },
            "WindowsServer 2022 (Hot Patch)": {
                "publisher": "MicrosoftWindowsServer",
                "offer": "WindowsServer",
                "sku": "2022-datacenter-azure-edition-hotpatch",
                "version": "latest"
            },
            "WindowsServer 2025": {
                "publisher": "MicrosoftWindowsServer",
                "offer": "WindowsServer",
                "sku": "2025-datacenter-azure-edition",
                "version": "latest"
            }
        },
        "winDefaultSecurityRules": [
            {
                "name": "AllowInboundAnyRDP",
                "properties": {
                    "priority": 300,
                    "protocol": "TCP",
                    "access": "Allow",
                    "direction": "Inbound",
                    "sourceAddressPrefix": "*",
                    "sourcePortRange": "*",
                    "destinationAddressPrefix": "*",
                    "destinationPortRange": "3389"
                }
            }
        ],
        "rhelDefaultSecurityRulesNoRDP": [
            {
                "name": "AllowInboundAnySSH",
                "properties": {
                    "priority": 300,
                    "protocol": "TCP",
                    "access": "Allow",
                    "direction": "Inbound",
                    "sourceAddressPrefix": "*",
                    "sourcePortRange": "*",
                    "destinationAddressPrefix": "*",
                    "destinationPortRange": "22"
                }
            }
        ],
        "rhelDefaultSecurityRulesRDP": [
            {
                "name": "AllowInboundAnySSH",
                "properties": {
                    "priority": 300,
                    "protocol": "TCP",
                    "access": "Allow",
                    "direction": "Inbound",
                    "sourceAddressPrefix": "*",
                    "sourcePortRange": "*",
                    "destinationAddressPrefix": "*",
                    "destinationPortRange": "22"
                }
            },
            {
                "name": "AllowInboundAnyRDP",
                "properties": {
                    "priority": 310,
                    "protocol": "TCP",
                    "access": "Allow",
                    "direction": "Inbound",
                    "sourceAddressPrefix": "*",
                    "sourcePortRange": "*",
                    "destinationAddressPrefix": "*",
                    "destinationPortRange": "3389"
                }
            }
        ],
        "osType": "[if(equals(substring(parameters('vmOSVersion'),0,3),'RHE'),'RHEL','Windows')]",
        "vmBootstrap": "[concat('#cloud-config\npackage_upgrade: true\npackages:\n- jq')]",
        "securityProfile": {
            "uefiSettings": {
                "secureBootEnabled": false,
                "vTpmEnabled": false
            },
            "securityType": "[parameters('securityType')]"
        },
        "publicIpId": {
            "new": {
                "id": "[resourceId('Microsoft.Network/publicIPAddresses', parameters('publicIPName'))]"
            },
            "existing": {
                "id": "[resourceId(parameters('publicIpResourceGroup'),'Microsoft.Network/publicIPAddresses', parameters('publicIPName'))]"
            }
        },
        "vnetId": {
            "new": "[resourceId('Microsoft.Network/virtualNetworks',parameters('vnetName'))]",
            "existing": "[resourceId(parameters('virtualNetworkResourceGroupName'),'Microsoft.Network/virtualNetworks',parameters('vnetName'))]"
        },
        "subnetId": "[concat(variables('vnetId')[parameters('virtualNetworkNewOrExisting')],'/subnets/',parameters('subnetName'))]",
        "scriptParameters": {
            "entitlementKey": "[parameters('entitlementKey')]",
            "licenseAccepted": "[if(parameters('licenseAccepted'),'True','False')]",
            "emailAddress": "[parameters('emailAddress')]",
            "installerURL": "[parameters('installerURL')]",
            "installerName": "[parameters('installerName')]",
            "installDirectory": "[parameters('installDirectory')]",
            "installProducts": "[parameters('installProducts')]",
            "selectedFixes": "[parameters('selectedFixes')]",
            "wmServerUrl": "[parameters('wmServerUrl')]",
            "workDirectory": "[parameters('workDirectory')]",
            "vmUser": "[parameters('adminUserName')]",
            "xrdp": {
                "enable": "[if(parameters('enableXRDP'),'True','False')]",
                "password": "[parameters('rdpPassword')]"
            }
        }
    },
    "resources": [
        { 
            "apiVersion": "2023-07-01",
            "name": "pid-2aba7608-edb4-4dbd-959e-0659547eae96-partnercenter", 
            "condition": "[parameters('registerDeployment')]",
            "comments": "Attribution ID for webMethods BYOL marketplace entry",
            "type": "Microsoft.Resources/deployments",
            "properties": {
                "mode": "Incremental",
                "template": {
                    "$schema": "https://schema.management.azure.com/schemas/2015-01-01/deploymentTemplate.json#",
                    "contentVersion": "1.0.0.0",
                    "resources": []
                }
            }
        },
        {
            "type": "Microsoft.Network/virtualNetworks",
            "apiVersion": "2024-05-01",
            "condition": "[equals(parameters('virtualNetworkNewOrExisting'),'new')]",
            "comments": "Create a new virtual network if requested.",
            "tags": "[ if(contains(parameters('tagsByResource'), 'Microsoft.Network/virtualNetworks'), parameters('tagsByResource')['Microsoft.Network/virtualNetworks'], json('{}')) ]",
            "name": "[parameters('vnetName')]",
            "location": "[parameters('location')]",
            "properties": {
                "addressSpace": {
                    "addressPrefixes": [
                        "[parameters('vnetCIDR')]"
                    ]
                }
            }
        },
        {
            "type": "Microsoft.Network/virtualNetworks/subnets",
            "apiVersion": "2024-05-01",
            "condition": "[equals(parameters('virtualNetworkNewOrExisting'),'new')]",
            "name": "[concat(parameters('vnetName'),'/',parameters('subnetName'))]",
            "properties": {
                "addressPrefix": "[parameters('subnetCIDR')]"
            },
            "dependsOn": [
                "[resourceId('Microsoft.Network/virtualNetworks', parameters('vnetName'))]"
            ]
        },
        {
            "type": "Microsoft.Network/publicIPAddresses",
            "apiVersion": "2024-05-01",
            "condition": "[and(parameters('createPublicIP'),equals(parameters('publicIpNewOrExisting'),'new'))]",
            "name": "[parameters('publicIPName')]",
            "location": "[parameters('location')]",
            "tags": "[ if(contains(parameters('tagsByResource'), 'Microsoft.Network/publicIPAddresses'), parameters('tagsByResource')['Microsoft.Network/publicIPAddresses'], json('{}')) ]",
            "sku": {
                "name": "Standard",
                "tier": "Regional"
            },
            "zones": [
                "1",
                "2",
                "3"
            ],
            "properties": {
                "publicIPAllocationMethod": "Static",
                "deleteOption": "Delete",
                "publicIPAddressVersion": "IPv4",
                "dnsSettings": {
                    "domainNameLabel": "[parameters('domainName')]"
                }
            }
        },
        {
            "type": "Microsoft.Network/networkInterfaces",
            "apiVersion": "2024-05-01",
            "name": "[variables('nicName')]",
            "location": "[parameters('location')]",
            "tags": "[ if(contains(parameters('tagsByResource'), 'Microsoft.Network/networkInterfaces'), parameters('tagsByResource')['Microsoft.Network/networkInterfaces'], json('{}')) ]",
            "properties": {
                "ipConfigurations": [
                    {
                        "name": "ipconfig1",
                        "properties": {
                            "subnet": {
                                "id": "[variables('subnetId')]"
                            },
                            "publicIPAddress": "[if(parameters('createPublicIP'),variables('publicIpId')[parameters('publicIpNewOrExisting')],json('null'))]",
                            "privateIPAllocationMethod": "Dynamic"
                        }
                    }
                ],
                "networkSecurityGroup": {
                    "id": "[resourceId('Microsoft.Network/networkSecurityGroups', variables('nsgName'))]"
                }
            },
            "dependsOn": [
                "[resourceId('Microsoft.Network/networkSecurityGroups', variables('nsgName'))]",
                "[resourceId('Microsoft.Network/virtualNetworks/subnets', parameters('vnetName'), parameters('subnetName'))]",
                "[resourceId('Microsoft.Network/publicIPAddresses', parameters('publicIPName'))]"
            ]
        },
        {
            "type": "Microsoft.Network/networkSecurityGroups",
            "apiVersion": "2024-05-01",
            "name": "[variables('nsgName')]",
            "location": "[parameters('location')]",
            "tags": "[ if(contains(parameters('tagsByResource'), 'Microsoft.Network/networkSecurityGroups'), parameters('tagsByResource')['Microsoft.Network/networkSecurityGroups'], json('{}')) ]",
            "properties": {
                "securityRules": "[if(not(empty(parameters('vmNsgSecurityRules'))),'[]',if(equals(variables('osType'),'Windows'),variables('winDefaultSecurityRules'),if(parameters('enableXRDP'),variables('rhelDefaultSecurityRulesRDP'),variables('rhelDefaultSecurityRulesNoRDP'))))]"
            }
        },
        {
            "type": "Microsoft.Compute/virtualMachines",
            "apiVersion": "2024-07-01",
            "name": "[parameters('vmName')]",
            "location": "[parameters('location')]",
            "tags": "[ if(contains(parameters('tagsByResource'), 'Microsoft.Compute/virtualMachines'), parameters('tagsByResource')['Microsoft.Compute/virtualMachines'], json('{}')) ]",
            "properties": {
                "hardwareProfile": {
                    "vmSize": "[parameters('vmSize')]"
                },
                "storageProfile": {
                    "osDisk": {
                        "createOption": "FromImage",
                        "managedDisk": {
                            "storageAccountType": "[parameters('vmDiskType')]"
                        }
                    },
                    "imageReference": "[variables('imageReference')[parameters('vmOSVersion')]]"
                },
                "networkProfile": {
                    "networkInterfaces": [
                        {
                            "id": "[resourceId('Microsoft.Network/networkInterfaces', variables('nicName'))]"
                        }
                    ]
                },
                "osProfile": {
                    "computerName": "[parameters('vmName')]",
                    "adminUsername": "[parameters('adminUserName')]",
                    "adminPassword": "[parameters('adminPassword')]",
                    "customData": "[base64(variables('vmBootstrap'))]",
                    "linuxConfiguration": "[if(equals(variables('osType'),'Windows'),null(),if(equals(parameters('authType'), 'sshPublicKey'), variables('linuxConfigSSH'), variables('linuxConfigPWD')))]",
                    "windowsConfiguration": "[if(equals(variables('osType'),'Windows'),variables('windowsConfiguration'),null())]"
                },
                "securityProfile": "[if(equals(parameters('securityType'), 'TrustedLaunch'),variables('securityProfile'),json('null'))]",
                "diagnosticsProfile": {
                    "bootDiagnostics": {
                        "enabled": true
                    }
                }
            },
            "zones": [
                "[parameters('vmZone')]"
            ],
            "dependsOn": [
                "[resourceId('Microsoft.Network/networkInterfaces', variables('nicName'))]"
            ]
        },
        {
            "type": "Microsoft.Compute/virtualMachines/extensions",
            "apiVersion": "2024-07-01",
            "location": "[parameters('location')]",
            "name": "[concat(parameters('vmName'),'/','installWebMethods-RHEL')]",
            "condition": "[and(parameters('deployWM'),equals(variables('osType'),'RHEL'))]",
            "dependsOn": [
                "[resourceId('Microsoft.Compute/virtualMachines', parameters('vmName'))]"
            ],
            "properties": {
                "publisher": "Microsoft.Azure.Extensions",
                "type": "CustomScript",
                "typeHandlerVersion": "2.0",
                "autoUpgradeMinorVersion": true,
                "protectedSettings": {
                    "fileUris": [
                        "[uri(variables('baseUrl'),concat(parameters('branch'),'/webMethods/',parameters('deploymentVersion'),'/deploy-webMethods/deploy-wm-rhel.sh'))]"
                    ],
                    "commandToExecute": "[concat('/bin/bash ./deploy-wm-rhel.sh ''', string(variables('scriptParameters')),'''')]"
                }
            }
        },
        {
            "type": "Microsoft.Compute/virtualMachines/extensions",
            "apiVersion": "2024-07-01",
            "location": "[parameters('location')]",
            "name": "[concat(parameters('vmName'),'/','installWebMethods-WIN')]",
            "condition": "[and(parameters('deployWM'),equals(variables('osType'),'Windows'))]",
            "dependsOn": [
                "[resourceId('Microsoft.Compute/virtualMachines', parameters('vmName'))]"
            ],
            "properties": {
                "publisher": "Microsoft.Compute",
                "type": "CustomScriptExtension",
                "typeHandlerVersion": "1.10",
                "autoUpgradeMinorVersion": true,
                "protectedSettings": {
                    "fileUris": [
                        "[uri(variables('baseUrl'),concat(parameters('branch'),'/webMethods/',parameters('deploymentVersion'),'/deploy-webMethods/deploy-wm-win.ps1'))]"
                    ],
                    "commandToExecute": "[concat('powershell -ExecutionPolicy Bypass -File .\\deploy-wm-win.ps1 \"',replace(string(variables('scriptParameters')),'\"','\\\"\"'),'\"')]"
                }
            }
        }
    ],
    "outputs": {
        "vmName": {
            "type": "string",
            "value": "[parameters('vmName')]"
        },
        "internalIP": {
            "type": "string",
            "value": "[reference(resourceId('Microsoft.Network/networkInterfaces', variables('nicName')), '2024-05-01').ipConfigurations[0].properties.privateIPAddress]"
        },
        "publicIP": {
            "condition": "[parameters('createPublicIP')]",
            "type": "string",
            "value": "[reference(resourceId(parameters('publicIpResourceGroup'),'Microsoft.Network/publicIPAddresses', parameters('publicIPName')), '2024-05-01').ipAddress]"
        },
        "consoleAccessRHEL": {
            "condition": "[and(parameters('deployWM'),equals(variables('osType'),'RHEL'))]",
            "type": "string",
            "value": "[concat('/bin/sh ',parameters('installDirectory'),'/bin/',parameters('installerName'))]"
        },
        "InstallInstructions": {
            "condition": "[and(parameters('deployWM'),equals(variables('osType'),'Windows'))]",
            "type": "string",
            "value": "[concat('Run the batch file c:\\Users\\',parameters('adminUserName'),'\\webMethods\\runme.bat as Administrator')]"
        }
    }
}