{
    "$schema": "https://schema.management.azure.com/schemas/2019-04-01/deploymentTemplate.json#",
    "contentVersion": "1.0.0.0",
    "parameters": {
        "namePrefix": {
            "type": "string",
            "minLength": 3,
            "maxLength": 10,
            "metadata": {
                "description": "Prefix for resource names"
            }
        },
        "location": {
            "type": "string",
            "defaultValue": "[resourceGroup().location]",
            "metadata": {
                "description": "Location for deployment container"
            }
        },
        "ibmEntitlementKey": {
            "type": "securestring",
            "metadata": {
                "description": "Entitlement key for IBM container registry"
            }
        },
        "cp4iVersion": {
            "type": "string",
            "metadata": {
                "description": "Version of CP4I to be installed"
            }
        },
        "cp4iLicense": {
            "type": "string",
            "metadata": {
                "description": "License to be used for CP4I installation"
            }
        },
        "acceptLicense": {
            "type": "string",
            "defaultValue": "decline",
            "allowedValues": [
                "accept",
                "decline"
            ],
            "metadata": {
                "description": "Accept IBM License Terms to instantiate software."
            }
        },
        "rgRoleGuid": {
            "type": "string",
            "defaultValue": "[newGuid()]",
            "metadata": {
                "description": "forceUpdateTag property, used to force the execution of the script resource when no other properties have changed."
            }
        },
        "createStorageAccount": {
            "type": "bool",
            "defaultValue": true,
            "metadata": {
                "description": "Flag to determine whether to create a new storage account"
            }
        },
        "storageAccountName": {
            "type": "string",
            "defaultValue": "[concat(parameters('namePrefix'), 'script',substring(uniqueString(resourceGroup().id),1,7))]",
            "metadata": {
                "description": "Name for the storage account for the script execution"
            }            
        },
        "createManagedIdentity": {
            "type": "bool",
            "defaultValue": true,
            "metadata": {
                "description": "Flag to determine whether to create a new managed identity for script execution"
            }
        },
        "storageClass": {
            "type": "string",
            "defaultValue": "ocs-storagecluster-cephfs",
            "metadata": {
                "description": "Name of the RWX file storage class on the OpenShift cluster."
            }
        },
        "managedIdName": {
            "type": "string",
            "defaultValue": "[concat(parameters('namePrefix'),'-script-sp')]",
            "metadata": {
                "description": "Name of the managed identity used for deployment scripts"
            }
        },
        "aroClusterName": {
            "type": "string",
            "metadata": {
                "description": "Name of the ARO cluster"
            }
        },
        "namespace": {
            "type": "string",
            "defaultValue": "cp4i",
            "metadata": {
                "description": "Namespace for CP4I instance"
            }
        },
        "branch": {
            "type": "string",
            "defaultValue": "main",
            "metadata": {
                "description": "GitHub branch for linked deployments."
            }
        }
        
    },
    "variables": {
      "baseUrl": "[uri('https://raw.githubusercontent.com/IBM/azure-marketplace-arm-templates/',parameters('branch'))]",
      "containerGroupName": "[concat(parameters('namePrefix'), '-cp4i-cg')]",
      "scriptName": "[concat(parameters('namePrefix'),'-cp4i-script')]",
      "roleDefinitionId": "[resourceId('Microsoft.Authorization/roleDefinitions', 'b24988ac-6180-42a0-ab88-20f7382dd24c')]",
      "roleDefinitionName": "[guid(resourceId('Microsoft.ManagedIdentity/userAssignedIdentities', parameters('managedIdName')), variables('roleDefinitionId'), resourceGroup().id)]"
    },
    "resources": [
        { 
            "apiVersion": "2021-04-01",
            "name": "pid-863f503a-9654-4ffe-9149-d0bd97ec7280-partnercenter", 
            "comments": "Resource GUID for Cloud Pak for Integration BYOL marketplace entry",
            "type": "Microsoft.Resources/deployments",
            "properties": {
                "mode": "Incremental",
                "template": {
                    "$schema": "https://schema.management.azure.com/schemas/2015-01-01/deploymentTemplate.json#",
                    "contentVersion": "1.0.0.0",
                    "resources": []
                }
            }
        },
        {
            "type": "Microsoft.Resources/deploymentScripts",
            "apiVersion": "2020-10-01",
            "comments": "Deploys Cloud Pak Integration onto an ARO cluster",
            "name": "[variables('scriptName')]",
            "location": "[parameters('location')]",
            "identity": {
                "type": "UserAssigned",
                "userAssignedIdentities": {
                    "[resourceId('Microsoft.ManagedIdentity/userAssignedIdentities', parameters('managedIdName'))]": {}
                }
            },
            "kind": "AzureCLI",
            "properties": {
                "forceUpdateTag": "[parameters('rgRoleGuid')]",
                "containerSettings": {
                    "containerGroupName": "[variables('containerGroupName')]"
                },
                "storageAccountSettings": {
                    "storageAccountName": "[parameters('storageAccountName')]",
                    "storageAccountKey": "[listKeys(resourceId('Microsoft.Storage/storageAccounts', parameters('storageAccountName')), '2022-09-01').keys[0].value]"
                },
                "azCliVersion": "2.45.0",  
                "environmentVariables": [
                    {
                        "name": "RESOURCE_GROUP",
                        "value": "[resourceGroup().name]"
                    },
                    {
                        "name": "ARO_CLUSTER",
                        "value": "[parameters('aroClusterName')]"
                    },
                    {
                        "name": "STORAGE_CLASS",
                        "value": "[parameters('storageClass')]"
                    },
                    {
                        "name": "IBM_ENTITLEMENT_KEY",
                        "secureValue": "[parameters('ibmEntitlementKey')]"
                    },
                    {
                        "name": "VERSION",
                        "value": "[parameters('cp4iVersion')]"
                    },
                    {
                        "name": "LICENSE_ID",
                        "value": "[parameters('cp4iLicense')]"
                    },
                    {
                        "name": "LICENSE",
                        "value": "[parameters('acceptLicense')]"
                    },
                    {
                        "name": "NAMESPACE",
                        "value": "[parameters('namespace')]"
                    }
                ],
                "primaryScriptUri": "[uri(variables('baseUrl'),concat(parameters('branch'),'/cloud-pak-for-integration/cp4i/scripts/deploy-cp4i.sh'))]",
                "supportingScriptUris": [
                    "[uri(variables('baseUrl'),concat(parameters('branch'),'/cloud-pak-for-integration/cp4i/scripts/common.sh'))]"
                ],
                "timeout": "PT120M",
                "cleanupPreference": "OnSuccess",
                "retentionInterval": "P1D"
            },
            "dependsOn": [
                "[variables('roleDefinitionName')]"
            ]
        },
        {
            "type": "Microsoft.Storage/storageAccounts",
            "apiVersion": "2023-01-01",
            "condition": "[parameters('createStorageAccount')]",
            "name": "[parameters('storageAccountName')]",
            "location": "[parameters('location')]",
            "sku": {
                "name": "Standard_LRS",
                "tier": "Standard"
            },
            "kind": "StorageV2",
            "properties": {
                "accessTier": "Hot"
            }
        },
        {
            "type": "Microsoft.ManagedIdentity/userAssignedIdentities",
            "apiVersion": "2018-11-30",
            "name": "[parameters('managedIdName')]",
            "condition": "[parameters('createManagedIdentity')]",
            "location": "[parameters('location')]"
        },
        {
            "type": "Microsoft.Authorization/roleAssignments",
            "apiVersion": "2022-04-01",
            "name": "[variables('roleDefinitionName')]",
            "condition": "[parameters('createManagedIdentity')]",
            "dependsOn": [
                "[parameters('managedIdName')]"
            ],
            "properties": {
                "roleDefinitionId": "[variables('roleDefinitionId')]",
                "principalId": "[reference(parameters('managedIdName'), '2018-11-30').principalId]",
                "scope": "[resourceGroup().id]",
                "principalType": "ServicePrincipal"
            }
        }
    ]
}