{
    "$schema": "https://schema.management.azure.com/schemas/0.1.2-preview/CreateUIDefinition.MultiVm.json#",
    "handler": "Microsoft.Azure.CreateUIDef",
    "version": "0.1.2-preview",
    "parameters": {
        "config": {
            "isWizard": false,
            "basics": {
                "resourceGroup": {
                    "constraints": {
                        "validations": [
                            {
                                "permission": "Microsoft.Network.virtualNetworks/create",
								"message": "Must be able to create a virtual network in the resource group"
                            },
                            {
                                "permission": "Microsoft.Network.publicIPAddress/create",
								"message": "Must be able to create a virtual network in the resource group"
                            },
                            {
								"permission": "Microsoft.ManagedIdentity/userAssignedIdentities/create",
								"message": "Must be able to create a user assigned identity in the resource group"
							},
                            {
                                "permission": "Microsoft.Compute/virtualMachines",
                                "message": "Must be able to create virtual machines"
                            }
                        ]
                    },
                    "allowExisting": true
                },
                "location": {
                    "visible": true,
                    "allowedValues": [
                        "southafricawest",
                        "eastasia",
                        "southeastasia",
                        "brazil",
                        "canadacentral",
                        "chinanorth3",
                        "northeurope",
                        "westeurope",
                        "francecentral",
                        "germanywestcentral",
                        "centralindia",
                        "japaneast",
                        "koreacentral",
                        "norwayeast",
                        "polandcentral",
                        "Qatar Central",
                        "swedencentral",
                        "switzerlandnorth",
                        "uaenorth",
                        "uksouth",
                        "centralus",
                        "eastus2",
                        "southcentralus",
                        "westus2",
                        "westus3",
                        "australiaeast",
                        "eastus"
                    ],
                    "resourceTypes": [
                        "Microsoft.Resources/deployments",
                        "Microsoft.Network/virtualNetworks",
                        "Microsoft.Network/networkSecurityGroups",
                        "Microsoft.ManagedIdentity/userAssignedIdentities",
                        "Microsoft.Authorization/roleAssignments",
                        "Microsoft.Network/publicIPAddresses",
                        "Microsoft.Compute/virtualMachines"
                    ]
                }
            }
        },
        "basics": [
            {
                "name": "namePrefix",
                "type": "Microsoft.Common.TextBox",
                "label": "Azure resource prefix",
                "defaultValue": "ibmwm",
                "toolTip": "Prefix for Azure resources.",
				"constraints":{
					"required": true,
					"validations": [
						{
							"regex": "^[a-zA-Z]+[a-z0-9A-Z]{2,10}$",
							"message": "Only alphanumeric characters are allowed, the first character must be a letter and must be between 3 and 10 characters in length."
						}
					]
				}
            }
        ],
        "steps": [
            {
                "name": "infrastructure",
                "label": "Infrastructure",
                "elements": [
                    {
                        "name": "vnet",
                        "type": "Microsoft.Network.VirtualNetworkCombo",
                        "label": {
                            "virtualNetwork": "Virtual Network",
                            "subnets": "Subnets"
                        },
                        "toolTip": {
                            "virtualNetwork": "Select an existing VNet or enter the name of a new one",
                            "subnets": "The name and CIDR for the subnet"
                        },
                        "defaultValue": {
                            "name": "vnet",
                            "addressPrefixSize": "/20"
                        },
                        "constraints": {
                            "minAddressPrefixSize": "/27"
                        },
                        "options": {
                            "hideExisting": false
                        },
                        "subnets": {
                            "vmSubnet": {
                                "label": "Virtual Machine Subnet",
                                "defaultValue": {
                                    "name": "vm-subnet",
                                    "addressPrefixSize": "/27"
                                },
                                "constraints": {
                                    "minAddressCount": 1,
                                    "minAddressPrefixSize": "/30",
                                    "requireContiguousAddresses": false
                                }
                            }
                        }
                    },
					{
						"name": "vmName",
						"type": "Microsoft.Common.TextBox",
						"label": "VM Hostname",
						"toolTip": "Name of the virtual machine",
						"visible": true,
						"defaultValue": "[concat(basics('namePrefix'),'-vm')]",
						"multiLine": false,
						"constraints": {
							"required": true,
							"validations": [
								{
									"regex": "^[a-z0-9A-Z-_]{5,64}$",
									"message": "Alphanumeric, underscores and dashes only between 5 and 64 characters"
								}
							]
						}
					},
					{
						"name": "vmUsername",
						"type": "Microsoft.Common.TextBox",
						"label": "Administrator username for virtual machine",
						"toolTip": "Username for the virtual machine",
						"visible": true,
						"defaultValue": "azureuser",
						"multiLine": false,
						"constraints": {
							"required": true,
							"validations": [
								{
									"regex": "^(?!administrator|admin|user|user1|test|user2|test1|user3|admin1|actuser|admin2|aspnet|backup|console|david|guest|john|owner|server|support|support_388945a0|test2|test3|user4|user5|root)[a-z0-9A-Z]{5,64}$",
									"message": "Alphanumeric only between 5 and 64 characters. Must not contain disallowed values"
								}
							]
						}
					},
					{
						"name": "vmPassword",
						"type": "Microsoft.Compute.CredentialsCombo",
						"label": {
						  "password": "Password",
						  "confirmPassword": "Confirm password"
						},
						"toolTip": {
						  "password": "Password for the administrator user"
						},
						"constraints": {
						  "required": true
						},
						"options": {
						  "hideConfirmation": false
						},
						"osPlatform": "Windows",
						"visible": true
					},
					{
						"name": "vmSize",
						"type": "Microsoft.Compute.SizeSelector",
						"label": "VM Size",
						"toolTip": "Azure VM Size",
						"recommendedSizes": [
						  "Standard_B4ms"
						],
						"options": {
						  "hideDiskTypeFilter": false
						},
						"osPlatform": "Windows",
						"imageReference": {
						  "publisher": "MicrosoftWindowsServer",
						  "offer": "WindowsServer",
						  "sku": "2022-datacenter-azure-edition"
						},
						"count": 1,
						"visible": true
					},
					{
						"name": "vmZone",
						"type": "Microsoft.Common.DropDown",
						"label": "Availability Zone for VM",
						"defaultValue": ["1"],
						"toolTip": "Zone must be present in selected region",
						"multiselect": false,
						"multiLine": false,
						"constraints": {
							"allowedValues": [
								{
									"label": "1",
									"value": "1"
								},
								{
									"label": "2",
									"value": "2"
								},
								{
									"label": "3",
									"value": "3"
								}
							]
						},
						"required": true,
						"visible": true
					},
					{
						"name": "vmDiskType",
						"type": "Microsoft.Common.DropDown",
						"label": "OS disk type for VM",
						"toolTip": "Select the disk type for the deployment VM operating system disk",
						"defaultValue": ["Premium SSD"],
						"multiselect": false,
						"multiLine": false,
						"constraints": {
							"allowedValues": [
								{
									"label": "Premium SSD",
									"value": "Premium_LRS"
								},
								{
									"label": "Standard SSD",
									"value": "Standard_LRS"
								}
							]
						},
						"visible": true
					},
					{
						"name": "vmOsVersion",
						"type": "Microsoft.Common.DropDown",
						"label": "OS Version",
						"toolTip": "Select the version of RHEL for the dpeloyment VM",
						"defaultValue": ["WindowsServer 2022 (Hot Patch)"],
						"multiselect": false,
						"multiLine": false,
						"constraints": {
							"allowedValues": [
								{
									"label": "WindowsServer 2019",
									"value": "WindowsServer 2019"
								},
								{
									"label": "WindowsServer 2022",
									"value": "WindowsServer 2022"
								},
								{
									"label": "WindowsServer 2022 (Hot Patch)",
									"value": "WindowsServer 2022 (Hot Patch)"
								},
								{
									"label": "WindowsServer 2025",
									"value": "WindowsServer 2025"
								}
							]
						},
						"visible": true
					},
					{
						"name": "vmPublicIPRequired",
						"label": "VM Public IP",
						"toolTip": "Create a public IP for the deployment VM?",
						"type": "Microsoft.Common.CheckBox",
						"constraints": {
							"required": false
						}
					},
					{
						"name": "vmPublicIP",
						"type": "Microsoft.Network.PublicIpAddressCombo",
						"label": {
							"publicIpAddress": "Public IP address for VM",
							"domainNameLabel": "Domain name label for the VM's public IP"
						},
						"toolTip": {
							"publicIpAddress": "Name of the public IP for the VM",
							"domainNameLabel": "Domain name label for the public IP of the VM"
						},
						"defaultValue": {
							"publicIpAddressName": "[concat(basics('namePrefix'),'-pip')]",
							"domainNameLabel": "[toLower( concat(substring(basics('namePrefix'),0,1),substring(guid(),0,7)) )]"
						},
						"constraints": {
							"required": {
								"domainNameLabel": false
							}
						},
						"options": {
							"hideNone": true,
							"hideDomainNameLabel": false,
							"hideExisting": false,
							"zone": "[steps('infrastructure').vmZone]"
						},
						"visible": "[steps('infrastructure').vmPublicIPRequired]"
					}
                ]
            },
            {
                "name": "webMethods",
                "label": "IBM webMethods",
                "elements": [
                    {
                        "name": "binaryUploadInfo",
                        "type": "Microsoft.Common.InfoBox",
                        "visible": true,
                        "options": {
                          "icon": "None",
                          "text": "Binary can be downloaded from IBM after purchase."
                        }
                    },
                    {
                        "name": "binaryPath",
                        "type": "Microsoft.Common.FileUpload",
                        "label": "webMethods Installation Binary",
                        "toolTip": "The v11.1 IBM webMethods installer. e.g. \"IBM_webMethods_Install_Linux_x64.bin\"",
                        "visible": true,
                        "constraints": {
                            "required": true,
                            "accept": "exe"
                        },
                        "options": {
                            "multiple": false,
                            "uploadMode": "url",
                            "openMode": "binary"
                        }
                    },
                    {
                        "name": "acceptLicense",
                        "type": "Microsoft.Common.OptionsGroup",
                        "label": "Accept the terms of the IBM webMethods License Agreement",
                        "toolTip": "Acceptance of the license is required to install the IBM webMethods software",
                        "defaultValue": "Decline",
                        "visible": true,
                        "constraints": {
                            "required": true,
                            "allowedValues": [
                                {
                                    "label": "Decline",
                                    "value": false
                                },
                                {
                                    "label": "Accept",
                                    "value": true
                                }
                            ]
                        }
                    },
                    {
						"name": "ibmEntitlementKey",
						"type": "Microsoft.Common.PasswordBox",	
						"toolTip": "Entitlement key for the IBM Entitled Registry, used to pull the software images",					
						"label": {
							"password": "Entitlement key",
                            "confirmPassword": "Confirm Entitlement key"
						},
						"constraints": {
							"required": true,
							"regex": "^[a-zA-Z0-9._-]{100,}$",
							"validationMessage": "Key must be at least 100 characters long, contain only numbers, letters, underscores, dots and dashes"
                		},
						"options": {
							"hideConfirmation": false
						},
						"visible": true
					},
					{
						"name": "installDir",
						"type": "Microsoft.Common.TextBox",
						"label": "Installation directory on virtual machine",
						"toolTip": "Directory path must have at least 256GB available",
						"visible": true,
						"defaultValue": "C:\\SoftwareAG",
						"multiLine": false,
						"constraints": {
							"required": true,
							"validations": [
								{
									"regex": "^[a-zA-Z]:\\\\[a-zA-Z0-9() ]*\\\\*.*",
									"message": "Must be a valid full windows directory path"
								}
							]
						}
					},
					{
						"name": "emailAddress",
						"type": "Microsoft.Common.TextBox",
						"label": "Email Address of primary administrator",
						"toolTip": "Must be a valid email address",
						"visible": true,
						"placeholder": "me@here.com",
						"multiLine": false,
						"constraints": {
							"required": true,
							"validations": [
								{
									"regex": "^[a-zA-Z0-9._-]+@([a-zA-Z0-9._-]){2,}$",
									"message": "Must be a valid email address"
								}
							]
						}
					}
                ]
            },
            {
                "name": "tags",
                "label": "Resource Tags",
                "elements": [
                    {
						"name": "resourceTags",
						"type": "Microsoft.Common.TagsByResource",
						"toolTip": "Adds tags for the created resources",
						"resources": [
							"Microsoft.Network.virtualNetworks",
							"Microsoft.Compute/virtualMachines",
							"Microsoft.Network/publicIPAddresses"
						]
					}
                ]
            }
        ],
        "outputs": {
            "namePrefix": "[basics('namePrefix')]",
            "location": "[location()]",
            "vmName": "[steps('infrastructure').vmName]",
            "vnetName": "[steps('infrastructure').vnet.name]",
            "virtualNetworkNewOrExisting": "[steps('infrastructure').vnet.newOrExisting]",
            "virtualNetworkResourceGroupName": "[steps('infrastructure').vnet.resourceGroup]",
            "vnetCIDR": "[steps('infrastructure').vnet.addressPrefix]",
            "subnetName": "[steps('infrastructure').vnet.subnets.vmSubnet.name]",
            "subnetCIDR": "[steps('infrastructure').vnet.subnets.vmSubnet.addressPrefix]",
            "adminUserName": "[steps('infrastructure').vmUsername]",
            "adminPassword": "[if(equals(steps('infrastructure').vmPassword.authenticationType,'password'),steps('infrastructure').vmPassword.password,steps('infrastructure').vmPassword.sshPublicKey)]",
            "authType": "[steps('infrastructure').vmPassword.authenticationType]",
            "vmSize": "[steps('infrastructure').vmSize]",
			"securityType": "TrustedLaunch",
            "vmDiskType": "[steps('infrastructure').vmDiskType]",
            "vmZone": "[steps('infrastructure').vmZone]",
            "vmOSVersion": "[steps('infrastructure').vmOsVersion]",
            "createPublicIP": "[steps('infrastructure').vmPublicIPRequired]",
            "publicIpNewOrExisting": "[steps('infrastructure').vmPublicIP.newOrExistingOrNone]",
            "publicIpResourceGroup": "[steps('infrastructure').vmPublicIP.resourceGroup]",
            "publicIPName": "[steps('infrastructure').vmPublicIP.name]",
            "domainName": "[steps('infrastructure').vmPublicIP.domainNameLabel]",
            "emailAddress": "[steps('webMethods').emailAddress]",
            "entitlementKey": "[steps('webMethods').ibmEntitlementKey]",
            "licenseAccepted": "[ steps('webMethods').acceptLicense ]",
            "installDirectory": "[steps('webMethods').installDir]",
            "installerURL": "[ steps('webMethods').binaryPath ]",
			"installerName": "IBM_webMethods_Install_Windowsx64.exe",
            "tagsByResource": "[steps('tags').resourceTags]",
            "deploymentVersion": "2025-01"
        }
    }
}