{
    "$schema": "https://schema.management.azure.com/schemas/2019-04-01/deploymentTemplate.json#",
    "contentVersion": "1.0.0.0",
    "parameters": {
        "namePrefix": {
            "type": "string",
            "minLength": 3,
            "maxLength": 10,
            "metadata": {
                "description": "Prefix for resource names"
            }
        },
        "location": {
            "type": "string",
            "defaultValue": "[resourceGroup().location]",
            "metadata": {
                "description": "Azure location for resources"
            }
        },
        "registerDeployment": {
            "type": "bool",
            "defaultValue": true,
            "metadata": {
                "description": "Flag for whether to register the deployment in partner center (debug only)"
            }
        },
        "deployARO": {
            "type": "bool",
            "defaultValue": true,
            "metadata": {
                "description": "Flag to determine whether to deploy a new ARO cluster"
            }
        },
        "apiVisibility": {
            "type": "string",
            "allowedValues": [
                "Public",
                "Private"
            ],
            "defaultValue": "Public",
            "metadata": {
                "description": "Public or Private API endpoint"
            }
        },
        "ingressVisibility": {
            "type": "string",
            "allowedValues": [
                "Public",
                "Private"
            ],
            "defaultValue": "Public",
            "metadata": {
                "description": "Public or Private workload ingress endpoint"
            }
        },
        "clusterName": {
            "type": "string",
            "defaultValue": "[concat(parameters('namePrefix'), '-aro')]",
            "metadata": {
                "description": "Name for the ARO cluster"
            }
        },
        "aroVersion": {
            "type": "string",
            "metadata": {
                "description": "Version of ARO to deploy. Format 4.x.x"
            }
        },
        "spClientId" : {
            "type": "string",
            "metadata": {
                "description" : "The app ID of the Service Principal (client id)"
            }
        },
        "spClientSecret": {
            "type": "securestring",
            "metadata": {
                "description": "The service principal secret key."
            }
        },
        "spObjectId": {
            "type": "String",
            "metadata": {
                "description": "The ObjectID of the Service Principal"
            }
        },
        "rpObjectId": {
            "type": "string",
            "metadata": {
                "description": "Red Hat OpenShift Resource Provider Object Id - obtain using (az ad sp list --display-name \"Azure Red Hat OpenShift RP\" --query \"[0].id\" -o tsv)"
            }
        },
        "pullSecret": {
            "type": "securestring",
            "defaultValue": "",
            "metadata": {
                "description": "Red Hat OpenShift Pull Secret"
            }
        },
        "branch": {
            "type": "string",
            "defaultValue": "main",
            "metadata": {
                "description": "Github branch for linked deployments."
            }
        },
        "deploymentVersion": {
            "type": "string",
            "defaultValue": "2024-03",
            "metadata": {
                "description": "Deployment version to use"
            }
        },
        "existingVnet": {
            "type": "bool",
            "defaultValue": false,
            "metadata": {
                "description": "Flag to determine whether the virtual network already exists"
            }
        },
        "networkResourceGroup": {
            "type": "string",
            "defaultValue": "[resourceGroup().name]",
            "metadata": {
                "description": "The resource group containing the virtual network. Service principal must have permissions for this network."
            }
        },
        "vnetName": {
            "type": "string",
            "defaultValue": "vnet",
            "metadata": {
                "description": "Name of the virtual network"
            }
        },
        "vnetCIDR": {
            "type": "string",
            "defaultValue": "10.0.0.0/20",
            "metadata": {
                "description": "CIDR for Virtual Network"
            }
        },
        "controlSubnetCIDR": {
            "type": "string",
            "defaultValue": "10.0.0.0/24",
            "metadata": {
                "description": "CIDR for the control subnet"
            }
        },
        "workerSubnetCIDR": {
            "type": "string",
            "defaultValue": "10.0.1.0/24",
            "metadata": {
                "description": "CIDR for the worker subnet"
            }
        },
        "controlSubnetName": {
            "type": "string",
            "defaultValue": "control-subnet",
            "metadata": {
                "description": "Name of the control / master subnet"
            }
        },
        "workerSubnetName": {
            "type": "string",
            "defaultValue": "worker-subnet",
            "metadata": {
                "description": "Name of the worker subnet"
            }
        },
        "vmSubnetName": {
            "type": "string",
            "defaultValue": "vm-subnet",
            "metadata": {
                "description": "Name of the subnet to attach the deployment / management VM to. Used for private vnet."
            }
        },
        "vmSubnetCidr": {
            "type": "string",
            "defaultValue": "10.0.3.0/27",
            "metadata": {
                "description": "Network address of the subnet to attach the deployment / management VM to"
            }
        },
        "domain": {
            "type": "string",
            "defaultValue": "[concat(toLower(first(parameters('namePrefix'))),substring(uniqueString(resourceGroup().id),1,7))]",
            "metadata": {
                "description": "Domain name prefix for the ARO cluster. Default is generated from resource group id."
            }
        },
        "podCIDR": {
            "type": "string",
            "defaultValue": "10.128.0.0/14",
            "metadata": {
                "description": "CIDR for the POD virtual subnet within the cluster"
            }
        },
        "serviceCIDR": {
            "type": "string",
            "defaultValue": "172.30.0.0/16",
            "metadata": {
                "description": "CIDR for the service virtual subnet within the cluster"
            }
        },
        "masterSize": {
            "type": "string",
            "defaultValue": "Standard_D8s_v3",
            "metadata": {
                "description": "VM size for master/control nodes"
            }
        },
        "workerSize": {
            "type": "string",
            "defaultValue": "Standard_D16s_v3",
            "metadata": {
                "description": "VM size for worker nodes"
            }
        },
        "workerCount": {
            "type": "int",
            "defaultValue": 3,
            "minValue": 3,
            "maxValue": 2000,
            "metadata": {
                "description": "Number of compute nodes to deploy"
            }
        },
        "encryption" : {
            "type": "bool",
            "defaultValue": true,
            "metadata": {
                "description": "Flag to encrypt storage at rest"
            }
        },
        "workerDiskSize": {
            "type": "int",
            "defaultValue": 128,
            "minValue": 128,
            "maxValue": 32767,
            "metadata": {
                "description": "Size of system disk on each worker node"
            }
        },
        "deployCP4I": {
            "type": "bool",
            "defaultValue": true,
            "metadata": {
                "description": "Flag to determine whether to deploy CP4I"
            }
        },
        "ibmEntitlementKey": {
            "type": "securestring",
            "metadata": {
                "description": "Entitlement key for IBM container registry"
            }
        },
        "cp4iVersion": {
            "type": "string",
            "metadata": {
                "description": "Version of CP4I to be installed"
            }
        },
        "cp4iLicense": {
            "type": "string",
            "metadata": {
                "description": "License to be used for CP4I installation"
            }
        },
        "acceptLicense": {
            "type": "string",
            "defaultValue": "decline",
            "allowedValues": [
                "accept",
                "decline"
            ],
            "metadata": {
                "description": "Accept IBM License Terms to instantiate software."
            }
        },
        "operatorScope": {
            "type": "string",
            "defaultValue": "namespace",
            "allowedValues": [
                "cluster",
                "namespace"
            ],
            "metadata": {
                "description": "Scope of the operator installation"
            }
        },
        "operatorNamespace": {
            "type": "string",
            "defaultValue": "ibmint",
            "metadata": {
                "description": "Namespace to be utilized for the operators if namespace scoped"
            }
        },
        "instanceNamespace": {
            "type": "string",
            "defaultValue": "ibmint",
            "metadata": {
                "description": "Namespace for the Platform Navigator instance"
            }
        },
        "instanceName": {
            "type": "string",
            "defaultValue": "quickstart-integration",
            "metadata": {
                "description": "Name for the Platform Navigator instance"
            }
        },
        "vmName": {
            "type": "string",
            "defaultValue": "[concat(parameters('namePrefix'),'-vm')]",
            "metadata": {
                "description": "Name for the Azure virtual machine"
            }
        },
        "vmAdminUserName": {
            "type": "string",
            "defaultValue": "azureuser",
            "metadata": {
                "description": "Admin user for created VMs"
            }
        },
        "vmAdminPassword": {
            "type": "secureString",
            "metadata": {
                "description": "SSH Key or password for the Virtual Machine."
            }
        },
        "vmAuthType": {
            "type": "string",
            "defaultValue": "sshPublicKey",
            "allowedValues": [
                "sshPublicKey",
                "password"
            ],
            "metadata": {
                "description": "Type of VM authentication. SSH Key or Password"
            }
        },
        "vmSecurityType": {
            "type": "string",
            "defaultValue": "Standard",
            "allowedValues": [
                "Standard",
                "TrustedLaunch"
            ],
            "metadata": {
                "description": "Security type for virtual machine (trusted launch not supported with RHEL)"
            }
        },
        "vmSize": {
            "type": "string",
            "defaultValue": "Standard_B2s",
            "allowedValues": [
                "Standard_B2s",
                "Standard_D2s_v3",
                "Standard_D4s_v3"
            ],
            "metadata": {
                "description": "Size of Virtual Machine"
            }
        },
        "vmDiskType": {
            "type": "string",
            "defaultValue": "Premium_LRS",
            "allowedValues": [
                "Premium_LRS",
                "Premium_ZRS",
                "Standard_LRS",
                "StandardSSD_LRS",
                "StandardSSD_ZRS",
                "UltraSSD_LRS"
            ],
            "metadata": {
                "description": "OS Disk type for Dev VM"
            }
        },
        "vmZone": {
            "type": "string",
            "defaultValue": "1",
            "allowedValues": [
                "1", "2", "3"
            ],
            "metadata": {
                "description": "Availability zone for the VM"
            }
        },
        "vmOSVersion": {
            "type": "string",
            "defaultValue": "RHEL 8.7",
            "allowedValues": [
                "RHEL 8.6",
                "RHEL 8.7",
                "RHEL 9.2"
            ],
            "metadata": {
                "description": "Operating system version"
            }
        },
        "vmCreatePublicIP": {
            "type": "bool",
            "defaultValue": false,
            "metadata": {
                "description": "Flag to indicate whether a public ip address should be created."
            }
        },
        "vmPublicIpNewOrExisting": {
            "type": "string",
            "defaultValue": "new",
            "allowedValues": [
                "new",
                "existing"
            ],
            "metadata": {
                "description": "Flag to determine whether the public IP is existing or not"
            }
        },
        "vmPublicIpResourceGroup": {
            "type": "string",
            "defaultValue": "[resourceGroup().name]",
            "metadata": {
                "description": "Resource group for public IP address if using an existing one"
            }
        },
        "vmPublicIPName": {
            "type": "string",
            "defaultValue": "[concat(parameters('namePrefix'),'-pip')]",
            "metadata": {
                "description": "Name for the public IP address if creating."
            }
        },
        "vmDomainName": {
            "type": "string",
            "defaultValue": "[toLower( concat(parameters('namePrefix'),uniqueString(resourceGroup().name)) )]",
            "metadata": {
                "description": "Domain name prefix for the public IP address"
            }
        },
        "logLevel": {
            "type": "string",
            "defaultValue": "info",
            "allowedValues": [
                "info",
                "debug"
            ],
            "metadata": {
                "description": "Log level for Ansible playbook (VM Approach)"
            }
        },
        "tagsByResource": {
            "type": "object",
            "defaultValue": {},
            "metadata": {
                "description": "Tags for the resources"
            }
        }
    },
    "variables": {
        "baseUrl": "[uri('https://raw.githubusercontent.com/IBM/azure-marketplace-arm-templates/',parameters('branch'))]",
        "aroRG": "[concat('/subscriptions/',subscription().subscriptionId,'/resourceGroups/',parameters('clusterName'))]",
        "contribRole": "[concat('/subscriptions/', subscription().subscriptionId, '/providers/Microsoft.Authorization/roleDefinitions/', 'b24988ac-6180-42a0-ab88-20f7382dd24c')]",
        "userAccessAdminRole": "[concat('/subscriptions/', subscription().subscriptionId, '/providers/Microsoft.Authorization/roleDefinitions/', '18d7d88d-d35e-4fb5-a5c3-7773c20a72d9')]"
    },
    "resources": [
        { 
            "apiVersion": "2023-07-01",
            "name": "pid-863f503a-9654-4ffe-9149-d0bd97ec7280-partnercenter",
            "condition": "[parameters('registerDeployment')]", 
            "type": "Microsoft.Resources/deployments",
            "properties": {
                "mode": "Incremental",
                "template": {
                    "$schema": "https://schema.management.azure.com/schemas/2015-01-01/deploymentTemplate.json#",
                    "contentVersion": "1.0.0.0",
                    "resources": []
                }
            }
        },
        {
            "type": "Microsoft.Resources/deployments",
            "apiVersion": "2023-07-01",
            "name": "virtualNetwork",
            "resourceGroup": "[parameters('networkResourceGroup')]",
            "properties": {
                "mode": "Incremental",
                "expressionEvaluationOptions": {
                    "scope": "Inner"
                },
                "parameters": {
                    "vnetName": {
                        "value": "[parameters('vnetName')]"
                    },
                    "location": {
                        "value": "[parameters('location')]"
                    },
                    "vnetCIDR": {
                        "value": "[parameters('vnetCIDR')]"
                    },
                    "existingVnet": {
                        "value": "[parameters('existingVnet')]"
                    },
                    "controlSubnetCidr": {
                        "value": "[parameters('controlSubnetCIDR')]"
                    },
                    "controlSubnetName": {
                        "value": "[parameters('controlSubnetName')]"
                    },
                    "workerSubnetName": {
                        "value": "[parameters('workerSubnetName')]"
                    },
                    "workerSubnetCidr": {
                        "value": "[parameters('workerSubnetCIDR')]"
                    },
                    "vmSubnetName": {
                        "value": "[parameters('vmSubnetName')]"
                    },
                    "vmSubnetCidr": {
                        "value": "[parameters('vmSubnetCidr')]"
                    },
                    "rpObjectId": {
                        "value": "[parameters('rpObjectId')]"
                    },
                    "spObjectId": {
                        "value": "[parameters('spObjectId')]"
                    },
                    "tagsByResource": {
                        "value": "[parameters('tagsByResource')]"
                    }
                },
                "template": {
                    "$schema": "https://schema.management.azure.com/schemas/2019-04-01/deploymentTemplate.json#",
                    "contentVersion": "1.0.0.0",
                    "parameters": {
                        "vnetName": {
                            "type": "string"
                        },
                        "vnetCIDR": {
                            "type": "string"
                        },
                        "location": {
                            "type": "string"
                        },
                        "existingVnet": {
                            "type": "bool"
                        },
                        "controlSubnetName": {
                            "type": "string"
                        },
                        "controlSubnetCidr": {
                            "type": "string"
                        }, 
                        "workerSubnetName": {
                            "type": "string"
                        },
                        "workerSubnetCidr": {
                            "type": "string"
                        },
                        "vmSubnetName": {
                            "type": "string"
                        },
                        "vmSubnetCidr": {
                            "type": "string"
                        },
                        "rpObjectId": {
                            "type": "string"
                        },
                        "spObjectId": {
                            "type": "string"
                        },
                        "tagsByResource": {
                            "type": "object"
                        }
                    },
                    "variables": {
                        "contribRole": "[concat('/subscriptions/', subscription().subscriptionId, '/providers/Microsoft.Authorization/roleDefinitions/', 'b24988ac-6180-42a0-ab88-20f7382dd24c')]"
                    },
                    "resources": [
                        {
                            "type": "Microsoft.Network/virtualNetworks",
                            "apiVersion": "2022-07-01",
                            "name": "[parameters('vnetName')]",
                            "condition": "[not(parameters('existingVnet'))]",
                            "location": "[parameters('location')]",
                            "tags": "[ if(contains(parameters('tagsByResource'), 'Microsoft.Network/virtualNetworks'), parameters('tagsByResource')['Microsoft.Network/virtualNetworks'], json('{}')) ]",
                            "properties": {
                                "addressSpace": {
                                    "addressPrefixes": [
                                        "[parameters('vnetCIDR')]"
                                    ]
                                }
                            }
                        },
                        {
                            "type": "Microsoft.Network/virtualNetworks/subnets",
                            "apiVersion": "2023-04-01",
                            "name": "[format('{0}/{1}', parameters('vnetName'), parameters('controlSubnetName'))]",
                            "dependsOn": [
                                "[resourceId('Microsoft.Network/virtualNetworks', parameters('vnetName'))]"
                            ],
                            "properties": {
                                "addressPrefix": "[parameters('controlSubnetCidr')]",
                                "privateLinkServiceNetworkPolicies": "Disabled",
                                "serviceEndpoints": [
                                    {
                                        "service": "Microsoft.ContainerRegistry"
                                    }
                                ]
                            }
                        },
                        {
                            "type": "Microsoft.Network/virtualNetworks/subnets",
                            "apiVersion": "2023-04-01",
                            "name": "[format('{0}/{1}', parameters('vnetName'), parameters('workerSubnetName'))]",
                            "dependsOn": [
                                "[resourceId('Microsoft.Network/virtualNetworks', parameters('vnetName'))]",
                                "[resourceId('Microsoft.Network/virtualNetworks/subnets', parameters('vnetName'), parameters('controlSubnetName'))]"
                            ],
                            "properties": {
                                "addressPrefix": "[parameters('workerSubnetCidr')]",
                                "serviceEndpoints": [
                                    {
                                        "service": "Microsoft.ContainerRegistry"
                                    }
                                ]
                            }
                        },
                        {
                            "type": "Microsoft.Network/virtualNetworks/subnets",
                            "apiVersion": "2023-04-01",
                            "name": "[concat(parameters('vnetName'), '/' ,parameters('vmSubnetName'))]",
                            "dependsOn": [
                                "[resourceId('Microsoft.Network/virtualNetworks', parameters('vnetName'))]",
                                "[resourceId('Microsoft.Network/virtualNetworks/subnets', parameters('vnetName'), parameters('workerSubnetName'))]"
                            ],
                            "properties": {
                                "addressPrefix": "[parameters('vmSubnetCIDR')]"
                            }
                        },
                        {
                            "type": "Microsoft.Network/virtualNetworks/providers/roleAssignments",
                            "apiVersion": "2018-09-01-preview",
                            "dependsOn": [
                                "[resourceId('Microsoft.Network/virtualNetworks', parameters('vnetName'))]"
                            ],
                            "name": "[concat(parameters('vnetName'), '/Microsoft.Authorization/', guid(resourceGroup().id, deployment().name, parameters('rpObjectId')))]",
                            "properties": {
                                "roleDefinitionId": "[variables('contribRole')]",
                                "principalId": "[parameters('rpObjectId')]"
                            }
                        },
                        {
                            "type": "Microsoft.Network/virtualNetworks/providers/roleAssignments",
                            "apiVersion": "2018-09-01-preview",
                            "dependsOn": [
                                "[resourceId('Microsoft.Network/virtualNetworks', parameters('vnetName'))]"
                            ],
                            "name": "[concat(parameters('vnetName'), '/Microsoft.Authorization/', guid(resourceGroup().id, deployment().name, parameters('spObjectId')))]",
                            "properties": {
                                "roleDefinitionId": "[variables('contribRole')]",
                                "principalId":"[parameters('spObjectId')]"
                            }
                        }
                    ]
                }
            }
        },
        {
            "type": "Microsoft.Authorization/roleAssignments",
            "apiVersion": "2022-04-01",
            "name": "[guid(concat(resourceGroup().id, 'contributor'))]",
            "properties": {
                "roleDefinitionId": "[variables('contribRole')]",
                "principalId": "[parameters('spObjectId')]",
                "principalType": "ServicePrincipal"
            }
        },
        {
            "type": "Microsoft.Authorization/roleAssignments",
            "apiVersion": "2022-04-01",
            "name": "[guid(concat(resourceGroup().id, 'userAccessAdministrator'))]",
            "properties": {
                "roleDefinitionId": "[variables('userAccessAdminRole')]",
                "principalId": "[parameters('spObjectId')]",
                "principalType": "ServicePrincipal"
            }
        },
        {
            "type": "Microsoft.RedHatOpenShift/OpenShiftClusters",
            "apiVersion": "2023-04-01",
            "name": "[parameters('clusterName')]",
            "condition": "[parameters('deployARO')]",
            "location": "[parameters('location')]",
            "tags": "[ if(contains(parameters('tagsByResource'), 'Microsoft.RedHatOpenShift/OpenShiftClusters'), parameters('tagsByResource')['Microsoft.RedHatOpenShift/OpenShiftClusters'], json('{}')) ]",
            "properties": {
                "clusterProfile": {
                    "domain": "[parameters('domain')]",
                    "resourceGroupId": "[variables('aroRG')]",
                    "fipsValidatedModules": "Disabled",
                    "pullSecret": "[parameters('pullSecret')]",
                    "version": "[parameters('aroVersion')]"
                },
                "servicePrincipalProfile": {
                    "clientId": "[parameters('spClientId')]",
                    "clientSecret": "[parameters('spClientSecret')]"
                },
                "networkProfile": {
                    "podCidr": "[parameters('podCIDR')]",
                    "serviceCidr": "[parameters('serviceCIDR')]"
                },
                "masterProfile": {
                    "vmSize": "[parameters('masterSize')]",
                    "subnetId": "[resourceId(parameters('networkResourceGroup'),'Microsoft.Network/virtualNetworks/subnets', parameters('vnetName'), parameters('controlSubnetName'))]",
                    "encryptionAtHost": "[if(parameters('encryption'), 'Enabled', 'Disabled')]"
                },
                "workerProfiles": [
                    {
                        "name": "worker",
                        "vmSize": "[parameters('workerSize')]",
                        "subnetId": "[resourceId(parameters('networkResourceGroup'),'Microsoft.Network/virtualNetworks/subnets', parameters('vnetName'), parameters('workerSubnetName'))]",
                        "count": "[parameters('workerCount')]",
                        "diskSizeGB": "[parameters('workerDiskSize')]",
                        "encryptionAtHost": "[if(parameters('encryption'), 'Enabled', 'Disabled')]"
                    }
                ],
                "apiserverProfile": {
                    "visibility": "[parameters('apiVisibility')]"
                },
                "ingressProfiles": [
                    {
                        "name": "default",
                        "visibility": "[parameters('ingressVisibility')]"
                    }
                ]
            },
            "dependsOn": [
                "[resourceId(parameters('networkResourceGroup'),'Microsoft.Resources/deployments', 'virtualNetwork')]",
                "[resourceId('Microsoft.Authorization/roleAssignments', guid(concat(resourceGroup().id, 'contributor')))]",
                "[resourceId('Microsoft.Authorization/roleAssignments', guid(concat(resourceGroup().id, 'userAccessAdministrator')))]"
            ],
            "resources": [
            ]
        },
        {
            "type": "Microsoft.Resources/deployments",
            "apiVersion": "2023-07-01",
            "condition": "[parameters('deployCP4I')]",
            "dependsOn": [
                "[resourceId(parameters('networkResourceGroup'),'Microsoft.Resources/deployments', 'virtualNetwork')]",
                "[resourceId('Microsoft.RedHatOpenShift/OpenShiftClusters', parameters('clusterName'))]"
            ],
            "name": "deployIBMIntegration",
            "properties": {
                "mode": "Incremental",
                "templateLink": {
                    "uri": "[uri(variables('baseUrl'), concat(parameters('branch'), '/cloud-pak-for-integration/',parameters('deploymentVersion'),'/deploy-cp4i-ansible/azuredeploy.json'))]",
                    "contentVersion": "1.0.0.0"
                },
                "parameters": {
                    "namePrefix": {
                        "value": "[parameters('namePrefix')]"
                    },
                    "vmName": {
                        "value": "[parameters('vmName')]"
                    },
                    "location": {
                        "value": "[parameters('location')]"
                    },
                    "vnetName": {
                        "value": "[parameters('vnetName')]"
                    },
                    "virtualNetworkNewOrExisting": {
                        "value": "existing"
                    },
                    "virtualNetworkResourceGroupName": {
                        "value": "[parameters('networkResourceGroup')]"
                    },
                    "subnetName": {
                        "value": "[parameters('vmSubnetName')]"
                    },
                    "subnetCidr": {
                        "value": "[parameters('vmSubnetCidr')]"
                    },
                    "adminUserName": {
                        "value": "[parameters('vmAdminUserName')]" 
                    },
                    "adminPassword": {
                        "value": "[parameters('vmAdminPassword')]" 
                    },
                    "authType": {
                        "value": "[parameters('vmAuthType')]" 
                    },
                    "securityType": {
                        "value": "[parameters('vmSecurityType')]" 
                    },
                    "vmSize": {
                        "value": "[parameters('vmSize')]" 
                    },
                    "vmDiskType": {
                        "value": "[parameters('vmDiskType')]" 
                    },
                    "vmZone": {
                        "value": "[parameters('vmZone')]" 
                    },
                    "vmOSVersion": {
                        "value": "[parameters('vmOSVersion')]" 
                    },
                    "createPublicIP": {
                        "value": "[parameters('vmCreatePublicIP')]" 
                    },
                    "publicIpNewOrExisting": {
                        "value": "[parameters('vmPublicIpNewOrExisting')]" 
                    },
                    "publicIpResourceGroup": {
                        "value": "[parameters('vmPublicIpResourceGroup')]" 
                    },
                    "publicIPName": {
                        "value": "[parameters('vmPublicIPName')]" 
                    },
                    "domainName": {
                        "value": "[parameters('vmDomainName')]" 
                    },
                    "openShiftApiUrl": {
                        "value": "[reference(parameters('clusterName')).apiserverProfile.url]" 
                    },
                    "openShiftUsername": {
                        "value": "[listCredentials(parameters('clusterName'),'2022-04-01').kubeadminUsername]"   
                    },
                    "openShiftAuthType": {
                        "value": "Password"
                    },
                    "openShiftPassword": {
                        "value": "[listCredentials(parameters('clusterName'),'2022-04-01').kubeadminPassword]"  
                    },
                    "cloudPakVersion": {
                        "value": "[parameters('cp4iVersion')]"
                    },
                    "cloudPakLicense": {
                        "value": "[parameters('cp4iLicense')]"
                    },
                    "entitlementKey": {
                        "value": "[parameters('ibmEntitlementKey')]"
                    },
                    "operatorScope": {
                        "value": "[parameters('operatorScope')]" 
                    },
                    "operatorNamespace": {
                        "value": "[parameters('operatorNamespace')]" 
                    },
                    "instanceNamespace": {
                        "value": "[parameters('instanceNamespace')]" 
                    },
                    "instanceName": {
                        "value": "[parameters('instanceName')]" 
                    },
                    "licenseAccepted": {
                        "value": "[if(equals(parameters('acceptLicense'),'accept'),bool('true'),bool('false'))]" 
                    },
                    "logLevel": {
                        "value": "[parameters('logLevel')]" 
                    },
                    "branch": {
                        "value": "[parameters('branch')]"
                    },
                    "deploymentVersion": {
                        "value": "[parameters('deploymentVersion')]"
                    },
                    "tagsByResource": {
                        "value": "[parameters('tagsByResource')]"
                    }
                }
            }
        }
    ],
    "outputs": {
    }
}